"DATE","INDPRO","CIVPART","CPIAUCSL","PAYEMS","PSAVERT"
"1919-01-01","5.0124",NA,NA,NA,NA
"1919-02-01","4.7908",NA,NA,NA,NA
"1919-03-01","4.6523",NA,NA,NA,NA
"1919-04-01","4.7354",NA,NA,NA,NA
"1919-05-01","4.7631",NA,NA,NA,NA
"1919-06-01","5.0677",NA,NA,NA,NA
"1919-07-01","5.3724",NA,NA,NA,NA
"1919-08-01","5.4554",NA,NA,NA,NA
"1919-09-01","5.3447",NA,NA,NA,NA
"1919-10-01","5.2893",NA,NA,NA,NA
"1919-11-01","5.2062",NA,NA,NA,NA
"1919-12-01","5.2893",NA,NA,NA,NA
"1920-01-01","5.7877",NA,NA,NA,NA
"1920-02-01","5.7877",NA,NA,NA,NA
"1920-03-01","5.677",NA,NA,NA,NA
"1920-04-01","5.3724",NA,NA,NA,NA
"1920-05-01","5.5108",NA,NA,NA,NA
"1920-06-01","5.5662",NA,NA,NA,NA
"1920-07-01","5.4277",NA,NA,NA,NA
"1920-08-01","5.4554",NA,NA,NA,NA
"1920-09-01","5.2616",NA,NA,NA,NA
"1920-10-01","5.04",NA,NA,NA,NA
"1920-11-01","4.6247",NA,NA,NA,NA
"1920-12-01","4.3477",NA,NA,NA,NA
"1921-01-01","4.0985",NA,NA,NA,NA
"1921-02-01","4.0154",NA,NA,NA,NA
"1921-03-01","3.9046",NA,NA,NA,NA
"1921-04-01","3.9046",NA,NA,NA,NA
"1921-05-01","4.0154",NA,NA,NA,NA
"1921-06-01","3.9877",NA,NA,NA,NA
"1921-07-01","3.96",NA,NA,NA,NA
"1921-08-01","4.0985",NA,NA,NA,NA
"1921-09-01","4.1262",NA,NA,NA,NA
"1921-10-01","4.3754",NA,NA,NA,NA
"1921-11-01","4.32",NA,NA,NA,NA
"1921-12-01","4.2923",NA,NA,NA,NA
"1922-01-01","4.4585",NA,NA,NA,NA
"1922-02-01","4.6524",NA,NA,NA,NA
"1922-03-01","4.9016",NA,NA,NA,NA
"1922-04-01","4.7354",NA,NA,NA,NA
"1922-05-01","4.9847",NA,NA,NA,NA
"1922-06-01","5.2339",NA,NA,NA,NA
"1922-07-01","5.2339",NA,NA,NA,NA
"1922-08-01","5.1231",NA,NA,NA,NA
"1922-09-01","5.4",NA,NA,NA,NA
"1922-10-01","5.7047",NA,NA,NA,NA
"1922-11-01","5.9539",NA,NA,NA,NA
"1922-12-01","6.1201",NA,NA,NA,NA
"1923-01-01","5.9816",NA,NA,NA,NA
"1923-02-01","6.0647",NA,NA,NA,NA
"1923-03-01","6.2585",NA,NA,NA,NA
"1923-04-01","6.397",NA,NA,NA,NA
"1923-05-01","6.4801",NA,NA,NA,NA
"1923-06-01","6.4247",NA,NA,NA,NA
"1923-07-01","6.3693",NA,NA,NA,NA
"1923-08-01","6.2585",NA,NA,NA,NA
"1923-09-01","6.1201",NA,NA,NA,NA
"1923-10-01","6.0924",NA,NA,NA,NA
"1923-11-01","6.0924",NA,NA,NA,NA
"1923-12-01","5.9539",NA,NA,NA,NA
"1924-01-01","6.0924",NA,NA,NA,NA
"1924-02-01","6.2031",NA,NA,NA,NA
"1924-03-01","6.0924",NA,NA,NA,NA
"1924-04-01","5.8985",NA,NA,NA,NA
"1924-05-01","5.6493",NA,NA,NA,NA
"1924-06-01","5.4",NA,NA,NA,NA
"1924-07-01","5.317",NA,NA,NA,NA
"1924-08-01","5.5108",NA,NA,NA,NA
"1924-09-01","5.7047",NA,NA,NA,NA
"1924-10-01","5.8431",NA,NA,NA,NA
"1924-11-01","5.9539",NA,NA,NA,NA
"1924-12-01","6.1201",NA,NA,NA,NA
"1925-01-01","6.3139",NA,NA,NA,NA
"1925-02-01","6.3139",NA,NA,NA,NA
"1925-03-01","6.3139",NA,NA,NA,NA
"1925-04-01","6.3693",NA,NA,NA,NA
"1925-05-01","6.3416",NA,NA,NA,NA
"1925-06-01","6.2862",NA,NA,NA,NA
"1925-07-01","6.4524",NA,NA,NA,NA
"1925-08-01","6.3416",NA,NA,NA,NA
"1925-09-01","6.2585",NA,NA,NA,NA
"1925-10-01","6.5077",NA,NA,NA,NA
"1925-11-01","6.6462",NA,NA,NA,NA
"1925-12-01","6.7293",NA,NA,NA,NA
"1926-01-01","6.6185",NA,NA,NA,NA
"1926-02-01","6.6185",NA,NA,NA,NA
"1926-03-01","6.7016",NA,NA,NA,NA
"1926-04-01","6.7016",NA,NA,NA,NA
"1926-05-01","6.6462",NA,NA,NA,NA
"1926-06-01","6.7293",NA,NA,NA,NA
"1926-07-01","6.757",NA,NA,NA,NA
"1926-08-01","6.8401",NA,NA,NA,NA
"1926-09-01","6.9508",NA,NA,NA,NA
"1926-10-01","6.9508",NA,NA,NA,NA
"1926-11-01","6.9231",NA,NA,NA,NA
"1926-12-01","6.8954",NA,NA,NA,NA
"1927-01-01","6.8677",NA,NA,NA,NA
"1927-02-01","6.9231",NA,NA,NA,NA
"1927-03-01","7.0062",NA,NA,NA,NA
"1927-04-01","6.8401",NA,NA,NA,NA
"1927-05-01","6.8954",NA,NA,NA,NA
"1927-06-01","6.8678",NA,NA,NA,NA
"1927-07-01","6.7847",NA,NA,NA,NA
"1927-08-01","6.7847",NA,NA,NA,NA
"1927-09-01","6.6739",NA,NA,NA,NA
"1927-10-01","6.5354",NA,NA,NA,NA
"1927-11-01","6.5354",NA,NA,NA,NA
"1927-12-01","6.5631",NA,NA,NA,NA
"1928-01-01","6.7016",NA,NA,NA,NA
"1928-02-01","6.757",NA,NA,NA,NA
"1928-03-01","6.8124",NA,NA,NA,NA
"1928-04-01","6.7847",NA,NA,NA,NA
"1928-05-01","6.8678",NA,NA,NA,NA
"1928-06-01","6.9231",NA,NA,NA,NA
"1928-07-01","7.0062",NA,NA,NA,NA
"1928-08-01","7.1447",NA,NA,NA,NA
"1928-09-01","7.2001",NA,NA,NA,NA
"1928-10-01","7.3385",NA,NA,NA,NA
"1928-11-01","7.477",NA,NA,NA,NA
"1928-12-01","7.6155",NA,NA,NA,NA
"1929-01-01","7.7262",NA,NA,NA,NA
"1929-02-01","7.6985",NA,NA,NA,NA
"1929-03-01","7.7262",NA,NA,NA,NA
"1929-04-01","7.8647",NA,NA,NA,NA
"1929-05-01","8.0032",NA,NA,NA,NA
"1929-06-01","8.0585",NA,NA,NA,NA
"1929-07-01","8.1693",NA,NA,NA,NA
"1929-08-01","8.0862",NA,NA,NA,NA
"1929-09-01","8.0308",NA,NA,NA,NA
"1929-10-01","7.8924",NA,NA,NA,NA
"1929-11-01","7.5047",NA,NA,NA,NA
"1929-12-01","7.1724",NA,NA,NA,NA
"1930-01-01","7.1724",NA,NA,NA,NA
"1930-02-01","7.1447",NA,NA,NA,NA
"1930-03-01","7.0339",NA,NA,NA,NA
"1930-04-01","6.9785",NA,NA,NA,NA
"1930-05-01","6.8678",NA,NA,NA,NA
"1930-06-01","6.6739",NA,NA,NA,NA
"1930-07-01","6.3693",NA,NA,NA,NA
"1930-08-01","6.2308",NA,NA,NA,NA
"1930-09-01","6.1201",NA,NA,NA,NA
"1930-10-01","5.9539",NA,NA,NA,NA
"1930-11-01","5.8154",NA,NA,NA,NA
"1930-12-01","5.677",NA,NA,NA,NA
"1931-01-01","5.6493",NA,NA,NA,NA
"1931-02-01","5.677",NA,NA,NA,NA
"1931-03-01","5.7877",NA,NA,NA,NA
"1931-04-01","5.8154",NA,NA,NA,NA
"1931-05-01","5.7324",NA,NA,NA,NA
"1931-06-01","5.5939",NA,NA,NA,NA
"1931-07-01","5.5108",NA,NA,NA,NA
"1931-08-01","5.317",NA,NA,NA,NA
"1931-09-01","5.0677",NA,NA,NA,NA
"1931-10-01","4.8739",NA,NA,NA,NA
"1931-11-01","4.8185",NA,NA,NA,NA
"1931-12-01","4.7908",NA,NA,NA,NA
"1932-01-01","4.6523",NA,NA,NA,NA
"1932-02-01","4.5416",NA,NA,NA,NA
"1932-03-01","4.4862",NA,NA,NA,NA
"1932-04-01","4.1816",NA,NA,NA,NA
"1932-05-01","4.0431",NA,NA,NA,NA
"1932-06-01","3.9047",NA,NA,NA,NA
"1932-07-01","3.7939",NA,NA,NA,NA
"1932-08-01","3.9046",NA,NA,NA,NA
"1932-09-01","4.1539",NA,NA,NA,NA
"1932-10-01","4.2923",NA,NA,NA,NA
"1932-11-01","4.2923",NA,NA,NA,NA
"1932-12-01","4.2093",NA,NA,NA,NA
"1933-01-01","4.1262",NA,NA,NA,NA
"1933-02-01","4.1539",NA,NA,NA,NA
"1933-03-01","3.9046",NA,NA,NA,NA
"1933-04-01","4.1816",NA,NA,NA,NA
"1933-05-01","4.8739",NA,NA,NA,NA
"1933-06-01","5.6216",NA,NA,NA,NA
"1933-07-01","6.1477",NA,NA,NA,NA
"1933-08-01","5.8985",NA,NA,NA,NA
"1933-09-01","5.5662",NA,NA,NA,NA
"1933-10-01","5.2893",NA,NA,NA,NA
"1933-11-01","4.9847",NA,NA,NA,NA
"1933-12-01","5.0123",NA,NA,NA,NA
"1934-01-01","5.1785",NA,NA,NA,NA
"1934-02-01","5.4277",NA,NA,NA,NA
"1934-03-01","5.677",NA,NA,NA,NA
"1934-04-01","5.677",NA,NA,NA,NA
"1934-05-01","5.7877",NA,NA,NA,NA
"1934-06-01","5.677",NA,NA,NA,NA
"1934-07-01","5.2893",NA,NA,NA,NA
"1934-08-01","5.2339",NA,NA,NA,NA
"1934-09-01","4.9293",NA,NA,NA,NA
"1934-10-01","5.1508",NA,NA,NA,NA
"1934-11-01","5.2062",NA,NA,NA,NA
"1934-12-01","5.5385",NA,NA,NA,NA
"1935-01-01","5.9816",NA,NA,NA,NA
"1935-02-01","6.0924",NA,NA,NA,NA
"1935-03-01","6.0647",NA,NA,NA,NA
"1935-04-01","5.9539",NA,NA,NA,NA
"1935-05-01","5.9539",NA,NA,NA,NA
"1935-06-01","6.037",NA,NA,NA,NA
"1935-07-01","6.037",NA,NA,NA,NA
"1935-08-01","6.2585",NA,NA,NA,NA
"1935-09-01","6.4247",NA,NA,NA,NA
"1935-10-01","6.6185",NA,NA,NA,NA
"1935-11-01","6.757",NA,NA,NA,NA
"1935-12-01","6.8401",NA,NA,NA,NA
"1936-01-01","6.7293",NA,NA,NA,NA
"1936-02-01","6.5631",NA,NA,NA,NA
"1936-03-01","6.6462",NA,NA,NA,NA
"1936-04-01","7.0616",NA,NA,NA,NA
"1936-05-01","7.2001",NA,NA,NA,NA
"1936-06-01","7.3385",NA,NA,NA,NA
"1936-07-01","7.477",NA,NA,NA,NA
"1936-08-01","7.5878",NA,NA,NA,NA
"1936-09-01","7.7262",NA,NA,NA,NA
"1936-10-01","7.837",NA,NA,NA,NA
"1936-11-01","8.0585",NA,NA,NA,NA
"1936-12-01","8.3078",NA,NA,NA,NA
"1937-01-01","8.2801",NA,NA,NA,NA
"1937-02-01","8.3908",NA,NA,NA,NA
"1937-03-01","8.5847",NA,NA,NA,NA
"1937-04-01","8.5847",NA,NA,NA,NA
"1937-05-01","8.6124",NA,NA,NA,NA
"1937-06-01","8.5016",NA,NA,NA,NA
"1937-07-01","8.557",NA,NA,NA,NA
"1937-08-01","8.5016",NA,NA,NA,NA
"1937-09-01","8.2247",NA,NA,NA,NA
"1937-10-01","7.6155",NA,NA,NA,NA
"1937-11-01","6.8678",NA,NA,NA,NA
"1937-12-01","6.2585",NA,NA,NA,NA
"1938-01-01","6.1201",NA,NA,NA,NA
"1938-02-01","6.0647",NA,NA,NA,NA
"1938-03-01","6.0647",NA,NA,NA,NA
"1938-04-01","5.9539",NA,NA,NA,NA
"1938-05-01","5.8154",NA,NA,NA,NA
"1938-06-01","5.8708",NA,NA,NA,NA
"1938-07-01","6.2031",NA,NA,NA,NA
"1938-08-01","6.5354",NA,NA,NA,NA
"1938-09-01","6.7293",NA,NA,NA,NA
"1938-10-01","6.8954",NA,NA,NA,NA
"1938-11-01","7.1724",NA,NA,NA,NA
"1938-12-01","7.2554",NA,NA,NA,NA
"1939-01-01","7.2554",NA,NA,29923,NA
"1939-02-01","7.3108",NA,NA,30101,NA
"1939-03-01","7.3385",NA,NA,30280,NA
"1939-04-01","7.3108",NA,NA,30094,NA
"1939-05-01","7.2831",NA,NA,30300,NA
"1939-06-01","7.4493",NA,NA,30502,NA
"1939-07-01","7.6708",NA,NA,30419,NA
"1939-08-01","7.7816",NA,NA,30663,NA
"1939-09-01","8.2524",NA,NA,31032,NA
"1939-10-01","8.6678",NA,NA,31408,NA
"1939-11-01","8.8893",NA,NA,31469,NA
"1939-12-01","8.8893",NA,NA,31539,NA
"1940-01-01","8.7785",NA,NA,31603,NA
"1940-02-01","8.5016",NA,NA,31715,NA
"1940-03-01","8.3078",NA,NA,31826,NA
"1940-04-01","8.4739",NA,NA,31700,NA
"1940-05-01","8.7232",NA,NA,31880,NA
"1940-06-01","9.0001",NA,NA,31978,NA
"1940-07-01","9.1108",NA,NA,31942,NA
"1940-08-01","9.1662",NA,NA,32352,NA
"1940-09-01","9.3601",NA,NA,32810,NA
"1940-10-01","9.4985",NA,NA,33265,NA
"1940-11-01","9.7201",NA,NA,33668,NA
"1940-12-01","10.0524",NA,NA,34172,NA
"1941-01-01","10.3016",NA,NA,34480,NA
"1941-02-01","10.6062",NA,NA,34844,NA
"1941-03-01","10.9386",NA,NA,35094,NA
"1941-04-01","10.9662",NA,NA,35469,NA
"1941-05-01","11.4647",NA,NA,36182,NA
"1941-06-01","11.5478",NA,NA,36651,NA
"1941-07-01","11.6863",NA,NA,37137,NA
"1941-08-01","11.8247",NA,NA,37544,NA
"1941-09-01","11.8247",NA,NA,37835,NA
"1941-10-01","11.9355",NA,NA,37948,NA
"1941-11-01","11.9909",NA,NA,38024,NA
"1941-12-01","12.1847",NA,NA,38104,NA
"1942-01-01","12.434",NA,NA,38347,NA
"1942-02-01","12.6555",NA,NA,38513,NA
"1942-03-01","12.794",NA,NA,38936,NA
"1942-04-01","12.434",NA,NA,39352,NA
"1942-05-01","12.4616",NA,NA,39772,NA
"1942-06-01","12.4893",NA,NA,40028,NA
"1942-07-01","12.794",NA,NA,40471,NA
"1942-08-01","13.1817",NA,NA,40988,NA
"1942-09-01","13.4863",NA,NA,41255,NA
"1942-10-01","13.9294",NA,NA,41515,NA
"1942-11-01","14.2617",NA,NA,41673,NA
"1942-12-01","14.594",NA,NA,41915,NA
"1943-01-01","14.7325",NA,NA,42172,NA
"1943-02-01","15.1201",NA,NA,42395,NA
"1943-03-01","15.2309",NA,NA,42553,NA
"1943-04-01","15.4247",NA,NA,42647,NA
"1943-05-01","15.5355",NA,NA,42596,NA
"1943-06-01","15.4524",NA,NA,42781,NA
"1943-07-01","15.9232",NA,NA,42701,NA
"1943-08-01","16.2555",NA,NA,42546,NA
"1943-09-01","16.6709",NA,NA,42485,NA
"1943-10-01","16.9201",NA,NA,42675,NA
"1943-11-01","17.1417",NA,NA,42820,NA
"1943-12-01","16.9201",NA,NA,42746,NA
"1944-01-01","17.114",NA,NA,42655,NA
"1944-02-01","17.2525",NA,NA,42544,NA
"1944-03-01","17.2248",NA,NA,42292,NA
"1944-04-01","17.2248",NA,NA,42063,NA
"1944-05-01","17.114",NA,NA,41985,NA
"1944-06-01","17.0586",NA,NA,41947,NA
"1944-07-01","17.0309",NA,NA,41905,NA
"1944-08-01","17.2525",NA,NA,41850,NA
"1944-09-01","17.1417",NA,NA,41672,NA
"1944-10-01","17.1971",NA,NA,41709,NA
"1944-11-01","17.0586",NA,NA,41712,NA
"1944-12-01","17.0032",NA,NA,41861,NA
"1945-01-01","16.8371",NA,NA,41897,NA
"1945-02-01","16.7817",NA,NA,41904,NA
"1945-03-01","16.6709",NA,NA,41796,NA
"1945-04-01","16.3663",NA,NA,41443,NA
"1945-05-01","15.9232",NA,NA,41304,NA
"1945-06-01","15.5632",NA,NA,41149,NA
"1945-07-01","15.2032",NA,NA,40873,NA
"1945-08-01","13.6247",NA,NA,40467,NA
"1945-09-01","12.4063",NA,NA,38500,NA
"1945-10-01","11.9078",NA,NA,38599,NA
"1945-11-01","12.3509",NA,NA,38997,NA
"1945-12-01","12.4063",NA,NA,39112,NA
"1946-01-01","11.7139",NA,NA,39832,NA
"1946-02-01","11.1324",NA,NA,39251,NA
"1946-03-01","12.2955",NA,NA,40193,NA
"1946-04-01","12.074",NA,NA,40909,NA
"1946-05-01","11.6309",NA,NA,41349,NA
"1946-06-01","12.3509",NA,NA,41733,NA
"1946-07-01","12.7663",NA,NA,42153,NA
"1946-08-01","13.237",NA,NA,42643,NA
"1946-09-01","13.4863",NA,NA,42909,NA
"1946-10-01","13.7355",NA,NA,43094,NA
"1946-11-01","13.8186",NA,NA,43397,NA
"1946-12-01","13.9017",NA,NA,43379,NA
"1947-01-01","14.0678",NA,21.48,43539,NA
"1947-02-01","14.1509",NA,21.62,43563,NA
"1947-03-01","14.234",NA,22,43606,NA
"1947-04-01","14.1232",NA,22,43492,NA
"1947-05-01","14.1786",NA,21.95,43638,NA
"1947-06-01","14.1786",NA,22.08,43808,NA
"1947-07-01","14.0955",NA,22.23,43743,NA
"1947-08-01","14.1786",NA,22.4,43959,NA
"1947-09-01","14.2894",NA,22.84,44201,NA
"1947-10-01","14.4278",NA,22.91,44415,NA
"1947-11-01","14.6217",NA,23.06,44487,NA
"1947-12-01","14.6771",NA,23.41,44579,NA
"1948-01-01","14.7601",58.6,23.68,44682,NA
"1948-02-01","14.7878",58.9,23.67,44537,NA
"1948-03-01","14.6217",58.5,23.5,44681,NA
"1948-04-01","14.6494",59,23.82,44370,NA
"1948-05-01","14.8986",58.3,24.01,44795,NA
"1948-06-01","15.0924",59.2,24.15,45033,NA
"1948-07-01","15.0924",59.3,24.4,45160,NA
"1948-08-01","15.037",58.9,24.43,45176,NA
"1948-09-01","14.9263",58.9,24.36,45295,NA
"1948-10-01","15.0371",58.7,24.31,45251,NA
"1948-11-01","14.8432",58.7,24.16,45194,NA
"1948-12-01","14.7047",59.1,24.05,45029,NA
"1949-01-01","14.5663",58.7,24.01,44671,NA
"1949-02-01","14.4278",59,23.91,44500,NA
"1949-03-01","14.1509",58.9,23.91,44238,NA
"1949-04-01","14.0678",58.8,23.92,44230,NA
"1949-05-01","13.874",59,23.91,43982,NA
"1949-06-01","13.8463",58.6,23.92,43739,NA
"1949-07-01","13.8186",58.9,23.7,43529,NA
"1949-08-01","13.957",59.2,23.7,43622,NA
"1949-09-01","14.0955",59.1,23.75,43784,NA
"1949-10-01","13.5694",59.6,23.67,42950,NA
"1949-11-01","13.9294",59.4,23.7,43245,NA
"1949-12-01","14.1786",59.2,23.61,43517,NA
"1950-01-01","14.4278",58.9,23.51,43528,NA
"1950-02-01","14.4832",58.9,23.61,43298,NA
"1950-03-01","14.954",58.8,23.64,43952,NA
"1950-04-01","15.4524",59.2,23.65,44376,NA
"1950-05-01","15.8124",59.1,23.77,44718,NA
"1950-06-01","16.2832",59.4,23.88,45084,NA
"1950-07-01","16.8094",59.1,24.07,45454,NA
"1950-08-01","17.3355",59.5,24.2,46188,NA
"1950-09-01","17.2248",59.2,24.34,46442,NA
"1950-10-01","17.3355",59.4,24.5,46712,NA
"1950-11-01","17.3078",59.3,24.6,46778,NA
"1950-12-01","17.6125",59.2,24.98,46855,NA
"1951-01-01","17.6678",59.1,25.38,47288,NA
"1951-02-01","17.7786",59.1,25.83,47577,NA
"1951-03-01","17.8617",59.8,25.88,47871,NA
"1951-04-01","17.8894",59.1,25.92,47856,NA
"1951-05-01","17.834",59.4,25.99,47953,NA
"1951-06-01","17.7509",59,25.93,48068,NA
"1951-07-01","17.474",59.4,25.91,48062,NA
"1951-08-01","17.3078",59.2,25.86,48009,NA
"1951-09-01","17.4186",59.1,26.03,47955,NA
"1951-10-01","17.3909",59.4,26.16,48009,NA
"1951-11-01","17.5294",59.2,26.32,48148,NA
"1951-12-01","17.6402",59.6,26.47,48309,NA
"1952-01-01","17.834",59.5,26.45,48298,NA
"1952-02-01","17.9448",59.5,26.41,48522,NA
"1952-03-01","18.0002",58.9,26.39,48504,NA
"1952-04-01","17.834",58.8,26.46,48616,NA
"1952-05-01","17.6678",59.1,26.47,48645,NA
"1952-06-01","17.5017",59.1,26.53,48286,NA
"1952-07-01","17.2248",58.9,26.68,48144,NA
"1952-08-01","18.3325",58.7,26.69,48923,NA
"1952-09-01","18.9971",59.2,26.63,49319,NA
"1952-10-01","19.191",58.7,26.69,49598,NA
"1952-11-01","19.5786",59.1,26.69,49816,NA
"1952-12-01","19.6894",59.2,26.71,50164,NA
"1953-01-01","19.7448",59.5,26.64,50145,NA
"1953-02-01","19.8556",59.5,26.59,50339,NA
"1953-03-01","20.0217",59.6,26.63,50475,NA
"1953-04-01","20.1048",59.1,26.69,50432,NA
"1953-05-01","20.2156",58.6,26.7,50491,NA
"1953-06-01","20.1325",58.9,26.77,50522,NA
"1953-07-01","20.3817",58.9,26.79,50536,NA
"1953-08-01","20.2709",58.6,26.85,50487,NA
"1953-09-01","19.8556",58.5,26.89,50365,NA
"1953-10-01","19.6894",58.5,26.95,50242,NA
"1953-11-01","19.2186",58.6,26.85,49907,NA
"1953-12-01","18.7479",58.3,26.87,49702,NA
"1954-01-01","18.6094",58.6,26.94,49468,NA
"1954-02-01","18.6648",59.3,26.99,49382,NA
"1954-03-01","18.554",59.1,26.93,49158,NA
"1954-04-01","18.4432",59.2,26.86,49178,NA
"1954-05-01","18.554",58.9,26.93,48965,NA
"1954-06-01","18.6094",58.5,26.94,48896,NA
"1954-07-01","18.6371",58.4,26.86,48835,NA
"1954-08-01","18.6094",58.7,26.85,48825,NA
"1954-09-01","18.6371",59.2,26.81,48882,NA
"1954-10-01","18.8586",58.8,26.72,48944,NA
"1954-11-01","19.1632",58.6,26.78,49178,NA
"1954-12-01","19.4125",58.1,26.77,49331,NA
"1955-01-01","19.8556",58.6,26.77,49497,NA
"1955-02-01","20.1048",58.4,26.82,49644,NA
"1955-03-01","20.5756",58.5,26.79,49963,NA
"1955-04-01","20.8248",59,26.79,50247,NA
"1955-05-01","21.1571",58.8,26.77,50512,NA
"1955-06-01","21.1848",58.8,26.71,50790,NA
"1955-07-01","21.351",59.3,26.76,50985,NA
"1955-08-01","21.3233",59.7,26.72,51111,NA
"1955-09-01","21.4617",59.7,26.85,51262,NA
"1955-10-01","21.8217",59.8,26.82,51431,NA
"1955-11-01","21.8771",59.9,26.88,51592,NA
"1955-12-01","21.9602",60.2,26.87,51805,NA
"1956-01-01","22.0987",60.2,26.83,51975,NA
"1956-02-01","21.9048",59.9,26.86,52167,NA
"1956-03-01","21.9048",59.8,26.89,52295,NA
"1956-04-01","22.071",59.9,26.93,52375,NA
"1956-05-01","21.8771",60.2,27.03,52506,NA
"1956-06-01","21.6833",60.1,27.15,52584,NA
"1956-07-01","21.0186",60.1,27.29,51954,NA
"1956-08-01","21.8771",60,27.31,52630,NA
"1956-09-01","22.3756",60,27.35,52601,NA
"1956-10-01","22.5694",59.8,27.51,52781,NA
"1956-11-01","22.3756",59.8,27.51,52822,NA
"1956-12-01","22.7079",59.8,27.63,52930,NA
"1957-01-01","22.6248",59.5,27.67,52888,NA
"1957-02-01","22.8464",59.9,27.8,53097,NA
"1957-03-01","22.8187",59.8,27.86,53157,NA
"1957-04-01","22.5141",59.5,27.93,53238,NA
"1957-05-01","22.431",59.5,28,53149,NA
"1957-06-01","22.4864",59.8,28.11,53066,NA
"1957-07-01","22.6248",60,28.19,53123,NA
"1957-08-01","22.6248",59.3,28.28,53126,NA
"1957-09-01","22.431",59.6,28.32,52932,NA
"1957-10-01","22.0987",59.5,28.32,52765,NA
"1957-11-01","21.5725",59.5,28.41,52559,NA
"1957-12-01","21.1571",59.6,28.47,52385,NA
"1958-01-01","20.7694",59.3,28.64,52077,NA
"1958-02-01","20.3263",59.3,28.7,51576,NA
"1958-03-01","20.0771",59.3,28.87,51300,NA
"1958-04-01","19.7448",59.6,28.94,51027,NA
"1958-05-01","19.9386",59.8,28.94,50913,NA
"1958-06-01","20.4648",59.5,28.91,50912,NA
"1958-07-01","20.7694",59.6,28.89,51037,NA
"1958-08-01","21.1848",59.8,28.94,51231,NA
"1958-09-01","21.3787",59.7,28.91,51506,NA
"1958-10-01","21.6279",59.6,28.91,51486,NA
"1958-11-01","22.2648",59.2,28.95,51944,NA
"1958-12-01","22.2925",59.2,28.97,52088,NA
"1959-01-01","22.6248",59.3,29.01,52480,11.2
"1959-02-01","23.0679",59,29,52687,10.6
"1959-03-01","23.4002",59.3,28.97,53016,10.3
"1959-04-01","23.8987",59.4,28.98,53320,11.1
"1959-05-01","24.2587",59.2,29.04,53549,10.6
"1959-06-01","24.2864",59.2,29.11,53679,10.5
"1959-07-01","23.7048",59.4,29.15,53803,10.6
"1959-08-01","22.9017",59.2,29.18,53334,9.6
"1959-09-01","22.8741",59.3,29.25,53429,8.7
"1959-10-01","22.7079",59.4,29.35,53359,9.4
"1959-11-01","22.8464",59.1,29.35,53635,10
"1959-12-01","24.2587",59.5,29.41,54175,10.9
"1960-01-01","24.8956",59.1,29.37,54274,11
"1960-02-01","24.6741",59.1,29.41,54513,10.6
"1960-03-01","24.4525",58.5,29.41,54458,9.4
"1960-04-01","24.2587",59.5,29.54,54812,8.3
"1960-05-01","24.231",59.5,29.57,54473,10.4
"1960-06-01","23.9264",59.7,29.61,54347,10.4
"1960-07-01","23.8433",59.5,29.55,54304,10.3
"1960-08-01","23.8156",59.5,29.61,54271,10.3
"1960-09-01","23.5664",59.7,29.61,54228,10
"1960-10-01","23.5387",59.4,29.75,54144,9.9
"1960-11-01","23.2064",59.8,29.78,53962,9.8
"1960-12-01","22.7633",59.7,29.81,53744,10.4
"1961-01-01","22.791",59.6,29.84,53683,11.1
"1961-02-01","22.7633",59.6,29.84,53556,11.1
"1961-03-01","22.9018",59.7,29.84,53662,10.4
"1961-04-01","23.3725",59.3,29.81,53626,10.6
"1961-05-01","23.7325",59.4,29.84,53785,10.7
"1961-06-01","24.0648",59.7,29.84,53977,11.5
"1961-07-01","24.3418",59.3,29.92,54123,12
"1961-08-01","24.5633",59.3,29.94,54298,11.7
"1961-09-01","24.5356",59,29.98,54388,11.3
"1961-10-01","25.0064",59.1,29.98,54522,11.6
"1961-11-01","25.3941",59.1,29.98,54743,11.6
"1961-12-01","25.6156",58.8,30.01,54871,11.5
"1962-01-01","25.3941",58.8,30.04,54891,11.2
"1962-02-01","25.8095",59,30.11,55187,11.7
"1962-03-01","25.9479",58.9,30.17,55276,11.6
"1962-04-01","26.0033",58.7,30.21,55602,11.6
"1962-05-01","25.9756",58.9,30.24,55627,10.9
"1962-06-01","25.9202",58.8,30.21,55644,11.5
"1962-07-01","26.1695",58.5,30.22,55746,11.5
"1962-08-01","26.1972",59,30.28,55838,11.3
"1962-09-01","26.3633",59,30.42,55977,10.3
"1962-10-01","26.391",58.7,30.38,56041,11.1
"1962-11-01","26.5018",58.5,30.38,56056,10.3
"1962-12-01","26.5018",58.4,30.38,56028,10.2
"1963-01-01","26.6956",58.6,30.44,56116,10.9
"1963-02-01","27.0003",58.6,30.48,56230,10.6
"1963-03-01","27.1664",58.6,30.51,56322,10.5
"1963-04-01","27.4156",58.8,30.48,56580,10.6
"1963-05-01","27.748",58.8,30.51,56616,10.8
"1963-06-01","27.831",58.5,30.61,56658,10.4
"1963-07-01","27.7203",58.7,30.69,56794,10
"1963-08-01","27.7756",58.5,30.75,56910,10.1
"1963-09-01","28.0526",58.7,30.72,57077,10.9
"1963-10-01","28.2464",58.8,30.75,57284,11.4
"1963-11-01","28.3849",58.8,30.78,57255,10.9
"1963-12-01","28.3295",58.5,30.88,57360,10.6
"1964-01-01","28.5787",58.6,30.94,57487,10.7
"1964-02-01","28.7726",58.8,30.91,57751,10.3
"1964-03-01","28.7726",58.7,30.94,57898,12
"1964-04-01","29.2434",59.1,30.95,57922,12.3
"1964-05-01","29.4095",59.1,30.98,58089,11.6
"1964-06-01","29.4926",58.7,31.01,58221,11.4
"1964-07-01","29.6864",58.6,31.02,58413,11
"1964-08-01","29.8803",58.6,31.05,58619,11
"1964-09-01","29.991",58.7,31.08,58903,11.7
"1964-10-01","29.5757",58.6,31.12,58794,11.1
"1964-11-01","30.4895",58.5,31.21,59217,12.4
"1964-12-01","30.8495",58.6,31.25,59421,12.4
"1965-01-01","31.1818",58.6,31.28,59583,12
"1965-02-01","31.3757",58.7,31.28,59800,10.6
"1965-03-01","31.7911",58.7,31.31,60003,10.6
"1965-04-01","31.9295",58.8,31.38,60259,10.1
"1965-05-01","32.1788",59,31.48,60492,11.1
"1965-06-01","32.428",58.8,31.61,60690,11.9
"1965-07-01","32.7326",59.1,31.58,60963,11.8
"1965-08-01","32.8711",58.9,31.55,61228,11.6
"1965-09-01","32.9542",58.7,31.62,61490,12.5
"1965-10-01","33.2865",58.9,31.65,61718,10.8
"1965-11-01","33.4249",58.8,31.75,61997,11.5
"1965-12-01","33.8403",59,31.85,62321,11.6
"1966-01-01","34.1726",59,31.88,62528,11.2
"1966-02-01","34.3942",58.8,32.08,62796,10.9
"1966-03-01","34.8649",58.8,32.18,63192,10.5
"1966-04-01","34.9203",59,32.28,63436,10.2
"1966-05-01","35.2526",59,32.35,63711,11.1
"1966-06-01","35.4188",59.1,32.38,64110,11.3
"1966-07-01","35.6126",59.1,32.45,64301,10.8
"1966-08-01","35.6403",59.3,32.65,64507,11.1
"1966-09-01","35.9726",59.3,32.75,64644,10.8
"1966-10-01","36.2218",59.3,32.85,64854,11.5
"1966-11-01","35.9726",59.6,32.88,65019,11.7
"1966-12-01","36.0557",59.5,32.92,65200,11.5
"1967-01-01","36.2258",59.5,32.9,65407,12
"1967-02-01","35.8149",59.3,33,65428,12.4
"1967-03-01","35.613",59.1,33,65530,12.6
"1967-04-01","35.9489",59.4,33.1,65467,11.7
"1967-05-01","35.6353",59.3,33.1,65619,11.9
"1967-06-01","35.6308",59.6,33.3,65750,11.7
"1967-07-01","35.5497",59.6,33.4,65887,12.5
"1967-08-01","36.2308",59.7,33.5,66142,12.5
"1967-09-01","36.172",59.7,33.6,66164,11.7
"1967-10-01","36.4666",59.9,33.7,66225,12.5
"1967-11-01","36.9881",59.8,33.9,66703,12.5
"1967-12-01","37.3865",59.9,34,66900,12.1
"1968-01-01","37.3462",59.2,34.1,66805,11.7
"1968-02-01","37.4801",59.6,34.2,67215,12.2
"1968-03-01","37.597",59.6,34.3,67295,11.6
"1968-04-01","37.6515",59.5,34.4,67555,12.2
"1968-05-01","38.0738",59.9,34.5,67653,12
"1968-06-01","38.2137",60,34.7,67904,11.6
"1968-07-01","38.1551",59.8,34.9,68125,10.6
"1968-08-01","38.2615",59.6,35,68328,10.4
"1968-09-01","38.4065",59.5,35.1,68487,10.4
"1968-10-01","38.4827",59.5,35.3,68720,10.6
"1968-11-01","38.9805",59.6,35.4,68985,10.4
"1968-12-01","39.1036",59.7,35.6,69246,10.9
"1969-01-01","39.3402",59.6,35.7,69438,10
"1969-02-01","39.5919",60,35.8,69700,9.4
"1969-03-01","39.9024",59.9,36.1,69905,9.9
"1969-04-01","39.7555",60,36.3,70072,9.5
"1969-05-01","39.6053",59.8,36.4,70328,10
"1969-06-01","39.9922",60.1,36.6,70636,10.9
"1969-07-01","40.2033",60.1,36.8,70729,11.7
"1969-08-01","40.2957",60.3,36.9,71006,11.5
"1969-09-01","40.2867",60.3,37.1,70917,11.5
"1969-10-01","40.2985",60.4,37.3,71120,11.3
"1969-11-01","39.9186",60.2,37.5,71087,11.5
"1969-12-01","39.8115",60.2,37.7,71240,11.7
"1970-01-01","39.0743",60.4,37.9,71176,11.7
"1970-02-01","39.0485",60.4,38.1,71304,11.6
"1970-03-01","38.9978",60.6,38.3,71452,12.3
"1970-04-01","38.8975",60.6,38.5,71348,13.3
"1970-05-01","38.8522",60.3,38.6,71123,12.3
"1970-06-01","38.7265",60.2,38.8,71029,11.7
"1970-07-01","38.8216",60.4,38.9,71053,13.2
"1970-08-01","38.7524",60.3,39,70933,13.1
"1970-09-01","38.4852",60.2,39.2,70948,12.9
"1970-10-01","37.7154",60.4,39.4,70519,13
"1970-11-01","37.487",60.4,39.6,70409,13.3
"1970-12-01","38.3479",60.4,39.8,70790,12.9
"1971-01-01","38.6429",60.4,39.9,70866,13.1
"1971-02-01","38.5692",60.1,39.9,70806,13.1
"1971-03-01","38.5274",60,40,70859,13.3
"1971-04-01","38.7438",60.1,40.1,71037,13
"1971-05-01","38.9404",60.2,40.3,71247,13.4
"1971-06-01","39.1037",59.8,40.5,71253,14.4
"1971-07-01","38.9902",60.1,40.6,71315,13.6
"1971-08-01","38.7639",60.2,40.7,71370,13.6
"1971-09-01","39.3939",60.1,40.8,71617,12.9
"1971-10-01","39.6888",60.1,40.9,71642,13
"1971-11-01","39.8572",60.4,41,71846,12.8
"1971-12-01","40.3174",60.4,41.1,72108,12.9
"1972-01-01","41.2866",60.2,41.2,72445,12.4
"1972-02-01","41.68",60.2,41.4,72652,12.6
"1972-03-01","41.9758",60.5,41.4,72945,11.5
"1972-04-01","42.4207",60.4,41.5,73163,11.3
"1972-05-01","42.3956",60.4,41.6,73467,11.5
"1972-06-01","42.5178",60.4,41.7,73760,11.4
"1972-07-01","42.5004",60.4,41.8,73708,11.4
"1972-08-01","43.0644",60.6,41.9,74138,11.8
"1972-09-01","43.3948",60.4,42.1,74263,12
"1972-10-01","43.9709",60.3,42.2,74673,12.7
"1972-11-01","44.4866",60.3,42.4,74967,13.4
"1972-12-01","45",60.5,42.5,75270,13.4
"1973-01-01","45.2914",60,42.7,75621,12.1
"1973-02-01","45.9647",60.5,43,76017,12.2
"1973-03-01","45.9868",60.8,43.4,76285,12.4
"1973-04-01","45.9274",60.8,43.7,76455,12.8
"1973-05-01","46.2184",60.6,43.9,76646,12.8
"1973-06-01","46.2516",60.9,44.2,76887,13.2
"1973-07-01","46.4427",60.9,44.2,76911,12.8
"1973-08-01","46.3634",60.7,45,77166,13.6
"1973-09-01","46.7782",60.8,45.2,77276,12.8
"1973-10-01","47.0944",60.9,45.6,77606,14
"1973-11-01","47.3422",61.2,45.9,77912,14
"1973-12-01","47.2312",61.2,46.3,78035,14.4
"1974-01-01","46.9002",61.3,46.8,78104,14
"1974-02-01","46.7547",61.4,47.3,78254,13.8
"1974-03-01","46.768",61.3,47.8,78296,13
"1974-04-01","46.6012",61.1,48.1,78382,12.7
"1974-05-01","46.9779",61.2,48.6,78547,12.3
"1974-06-01","46.9246",61.2,49,78602,12.5
"1974-07-01","46.9465",61.4,49.3,78635,12.7
"1974-08-01","46.4902",61.2,49.9,78619,11.6
"1974-09-01","46.5124",61.4,50.6,78611,12.3
"1974-10-01","46.3395",61.3,51,78629,13
"1974-11-01","44.8159",61.3,51.5,78261,13.4
"1974-12-01","43.2364",61.2,51.9,77657,13.6
"1975-01-01","42.6437",61.4,52.3,77297,12.8
"1975-02-01","41.6572",61,52.6,76919,12.1
"1975-03-01","41.213",61.2,52.8,76649,12.3
"1975-04-01","41.2483",61.3,53,76461,13.9
"1975-05-01","41.154",61.5,53.1,76623,17
"1975-06-01","41.4216",61.2,53.5,76520,13.9
"1975-07-01","41.8198",61.3,54,76769,12.3
"1975-08-01","42.2548",61.3,54.2,77155,12.6
"1975-09-01","42.7754",61.2,54.6,77230,12.6
"1975-10-01","42.97",61.2,54.9,77535,13
"1975-11-01","43.0627",61.1,55.3,77680,12.3
"1975-12-01","43.5959",61.1,55.6,78018,11.5
"1976-01-01","44.2338",61.3,55.8,78506,11.3
"1976-02-01","44.6687",61.3,55.9,78817,11.9
"1976-03-01","44.7103",61.3,56,79049,11.8
"1976-04-01","44.9525",61.6,56.1,79292,11.2
"1976-05-01","45.1731",61.5,56.4,79311,11.8
"1976-06-01","45.1831",61.5,56.7,79376,10.9
"1976-07-01","45.4519",61.8,57,79547,11.2
"1976-08-01","45.7737",61.8,57.3,79704,11.2
"1976-09-01","45.9055",61.6,57.6,79892,10.8
"1976-10-01","45.922",61.6,57.9,79905,10.6
"1976-11-01","46.6016",61.9,58.1,80237,10.9
"1976-12-01","47.0857",61.8,58.4,80448,9.9
"1977-01-01","46.8261",61.6,58.7,80692,9.8
"1977-02-01","47.5387",61.9,59.3,80988,8.5
"1977-03-01","48.1302",62,59.6,81391,9.8
"1977-04-01","48.578",62.1,60,81729,9.9
"1977-05-01","48.9881",62.2,60.2,82089,9.8
"1977-06-01","49.3428",62.4,60.5,82488,10.2
"1977-07-01","49.4131",62.1,60.8,82836,10.1
"1977-08-01","49.4274",62.3,61.1,83074,10.5
"1977-09-01","49.6665",62.3,61.3,83532,10.7
"1977-10-01","49.7589",62.4,61.6,83794,10.7
"1977-11-01","49.8149",62.8,62,84173,10.8
"1977-12-01","49.8936",62.7,62.3,84408,11
"1978-01-01","49.2047",62.8,62.7,84595,11.4
"1978-02-01","49.4519",62.7,63,84948,10.7
"1978-03-01","50.392",62.8,63.4,85461,10.5
"1978-04-01","51.4438",63,63.9,86163,10.3
"1978-05-01","51.6239",63.1,64.5,86509,9.8
"1978-06-01","51.9809",63.3,65,86951,9.5
"1978-07-01","51.9572",63.2,65.5,87205,10.3
"1978-08-01","52.1531",63.2,65.9,87481,9.9
"1978-09-01","52.2862",63.3,66.5,87618,10
"1978-10-01","52.7031",63.3,67.1,87954,10.2
"1978-11-01","53.1001",63.5,67.5,88391,10
"1978-12-01","53.3889",63.6,67.9,88673,10
"1979-01-01","53.0435",63.6,68.5,88810,10.6
"1979-02-01","53.3331",63.8,69.2,89054,10.5
"1979-03-01","53.4972",63.8,69.9,89480,10.7
"1979-04-01","52.8947",63.5,70.6,89418,10.4
"1979-05-01","53.3176",63.3,71.4,89791,9.8
"1979-06-01","53.3158",63.5,72.2,90109,9.3
"1979-07-01","53.2432",63.6,73,90215,10
"1979-08-01","52.8891",63.6,73.7,90297,9.2
"1979-09-01","52.9468",63.8,74.4,90325,8.9
"1979-10-01","53.2382",63.7,75.2,90482,9.3
"1979-11-01","53.1886",63.7,76,90576,9.4
"1979-12-01","53.2612",63.9,76.9,90673,9.8
"1980-01-01","53.5021",64,78,90802,9.6
"1980-02-01","53.5079",64,79,90882,9.8
"1980-03-01","53.3284",63.7,80.1,90994,9.8
"1980-04-01","52.2375",63.8,80.9,90850,10.5
"1980-05-01","50.9676",63.9,81.7,90419,10.6
"1980-06-01","50.3335",63.7,82.5,90099,10.4
"1980-07-01","49.9417",63.8,82.6,89837,10.5
"1980-08-01","50.1226",63.7,83.2,90097,10.6
"1980-09-01","50.9338",63.6,83.9,90210,11.1
"1980-10-01","51.5801",63.7,84.7,90491,11
"1980-11-01","52.4731",63.8,85.6,90748,11.5
"1980-12-01","52.7676",63.6,86.4,90943,11.2
"1981-01-01","52.4688",63.9,87.2,91037,10.5
"1981-02-01","52.2219",63.9,88,91105,10.4
"1981-03-01","52.5009",64.1,88.6,91210,10.3
"1981-04-01","52.2665",64.2,89.1,91283,10.3
"1981-05-01","52.5783",64.3,89.7,91293,10.4
"1981-06-01","52.8272",63.7,90.5,91490,10.2
"1981-07-01","53.1722",63.8,91.5,91602,11.7
"1981-08-01","53.1672",63.8,92.2,91566,11.4
"1981-09-01","52.8548",63.5,93.1,91479,11.9
"1981-10-01","52.4951",63.8,93.4,91380,12.5
"1981-11-01","51.8972",63.9,93.8,91171,12.7
"1981-12-01","51.3277",63.6,94.1,90893,12
"1982-01-01","50.3077",63.7,94.4,90567,12.2
"1982-02-01","51.2996",63.8,94.7,90562,11.6
"1982-03-01","50.9105",63.8,94.7,90432,11.7
"1982-04-01","50.459",63.9,95,90152,12.4
"1982-05-01","50.1366",64.2,95.9,90107,11.7
"1982-06-01","49.969",63.9,97,89864,11.6
"1982-07-01","49.8127",64,97.5,89522,12
"1982-08-01","49.378",64.1,97.7,89364,11.9
"1982-09-01","49.2276",64.1,97.7,89183,11.1
"1982-10-01","48.785",64.1,98.1,88906,10.7
"1982-11-01","48.5953",64.2,98,88783,10.3
"1982-12-01","48.2401",64.1,97.7,88769,10.3
"1983-01-01","49.1748",63.9,97.9,88993,10.4
"1983-02-01","48.8671",63.8,98,88918,10.5
"1983-03-01","49.2655",63.7,98.1,89090,10
"1983-04-01","49.8681",63.8,98.8,89366,9.6
"1983-05-01","50.207",63.7,99.2,89643,9.4
"1983-06-01","50.508",64.3,99.4,90022,8.5
"1983-07-01","51.274",64.1,99.8,90440,9
"1983-08-01","51.8458",64.3,100.1,90132,8.7
"1983-09-01","52.6317",64.3,100.4,91247,9
"1983-10-01","53.0647",64,100.8,91518,9.1
"1983-11-01","53.2564",64.1,101.1,91871,9.7
"1983-12-01","53.5313",64.1,101.4,92227,9.5
"1984-01-01","54.5975",63.9,102.1,92673,9.4
"1984-02-01","54.8377",64.1,102.6,93154,11.1
"1984-03-01","55.1047",64.1,102.9,93429,10.9
"1984-04-01","55.4593",64.3,103.3,93792,10.9
"1984-05-01","55.7123",64.5,103.5,94100,10.5
"1984-06-01","55.9079",64.6,103.7,94479,10.5
"1984-07-01","56.0852",64.6,104.1,94792,11
"1984-08-01","56.1353",64.4,104.4,95034,11.2
"1984-09-01","56.034",64.4,104.7,95344,11.2
"1984-10-01","55.9427",64.4,105.1,95630,11.2
"1984-11-01","56.1631",64.5,105.3,95979,10.3
"1984-12-01","56.2299",64.6,105.5,96107,10.6
"1985-01-01","56.1365",64.7,105.7,96373,9.7
"1985-02-01","56.3356",64.7,106.3,96497,8.5
"1985-03-01","56.4232",64.9,106.8,96843,8.1
"1985-04-01","56.2716",64.9,107,97039,9.4
"1985-05-01","56.3525",64.8,107.2,97313,10.5
"1985-06-01","56.3903",64.6,107.5,97459,9
"1985-07-01","56.0242",64.7,107.7,97649,8.5
"1985-08-01","56.2533",64.6,107.9,97842,7.5
"1985-09-01","56.4939",64.9,108.1,98045,6.7
"1985-10-01","56.261",65,108.5,98233,8.5
"1985-11-01","56.4503",64.9,109,98442,8.4
"1985-12-01","57.0454",65,109.5,98609,8
"1986-01-01","57.3112",64.9,109.9,98734,8
"1986-02-01","56.9304",65,109.7,98841,8.7
"1986-03-01","56.5414",65.1,109.1,98935,9.3
"1986-04-01","56.5654",65.1,108.7,99122,9.1
"1986-05-01","56.685",65.2,109,99249,8.6
"1986-06-01","56.4959",65.4,109.4,99155,8.8
"1986-07-01","56.8096",65.4,109.5,99473,8.7
"1986-08-01","56.7348",65.3,109.6,99587,8.4
"1986-09-01","56.8483",65.4,110,99934,6.6
"1986-10-01","57.1179",65.4,110.2,100120,7.8
"1986-11-01","57.3826",65.4,110.4,100306,8.2
"1986-12-01","57.8627",65.3,110.8,100511,6.4
"1987-01-01","57.6873",65.4,111.4,100683,9.1
"1987-02-01","58.4361",65.5,111.8,100915,7.9
"1987-03-01","58.5202",65.5,112.2,101164,7.9
"1987-04-01","58.8852",65.4,112.7,101502,3.8
"1987-05-01","59.2656",65.7,113,101728,7.5
"1987-06-01","59.5423",65.5,113.5,101900,7
"1987-07-01","59.956",65.6,113.8,102247,6.8
"1987-08-01","60.4517",65.7,114.3,102418,6.5
"1987-09-01","60.6087",65.5,114.7,102646,7
"1987-10-01","61.4886",65.7,115,103138,7.6
"1987-11-01","61.8151",65.7,115.4,103370,7.9
"1987-12-01","62.1113",65.7,115.6,103664,8
"1988-01-01","62.1393",65.8,116,103758,7.5
"1988-02-01","62.41",65.9,116.2,104211,7.9
"1988-03-01","62.5464",65.7,116.5,104487,7.5
"1988-04-01","62.8992",65.8,117.2,104732,8.1
"1988-05-01","62.8182",65.7,117.5,104961,7.7
"1988-06-01","62.9776",65.8,118,105324,7.8
"1988-07-01","63.004",65.9,118.5,105546,7.9
"1988-08-01","63.2781",66.1,119,105670,7.8
"1988-09-01","63.108",65.9,119.5,106009,8.2
"1988-10-01","63.4145",66,119.9,106277,8
"1988-11-01","63.5171",66.2,120.3,106616,7.7
"1988-12-01","63.8207",66.1,120.7,106906,7.7
"1989-01-01","64.0114",66.5,121.2,107168,8
"1989-02-01","63.7241",66.3,121.6,107426,8.4
"1989-03-01","63.8694",66.3,122.2,107619,8.9
"1989-04-01","63.9217",66.4,123.1,107792,7.9
"1989-05-01","63.4806",66.3,123.7,107910,7.6
"1989-06-01","63.5122",66.5,124.1,108026,7.6
"1989-07-01","62.9479",66.5,124.5,108066,7.7
"1989-08-01","63.5199",66.5,124.5,108115,7.1
"1989-09-01","63.2966",66.4,124.8,108365,7.5
"1989-10-01","63.2481",66.5,125.4,108476,7.9
"1989-11-01","63.4576",66.6,125.9,108753,8
"1989-12-01","63.8477",66.5,126.3,108849,7.2
"1990-01-01","63.4171",66.8,127.5,109184,7.4
"1990-02-01","64.0517",66.7,128,109432,8.1
"1990-03-01","64.3607",66.7,128.6,109647,7.8
"1990-04-01","64.2562",66.6,128.9,109687,8.2
"1990-05-01","64.3971",66.6,129.1,109840,8
"1990-06-01","64.6064",66.4,129.9,109865,7.9
"1990-07-01","64.5289",66.5,130.5,109829,8
"1990-08-01","64.7258",66.5,131.6,109619,7.5
"1990-09-01","64.8148",66.4,132.5,109517,7.5
"1990-10-01","64.3264",66.4,133.4,109370,7.3
"1990-11-01","63.5713",66.4,133.7,109220,7.4
"1990-12-01","63.1589",66.4,134.2,109163,8.2
"1991-01-01","62.8801",66.2,134.7,109042,8.7
"1991-02-01","62.452",66.2,134.8,108735,8.3
"1991-03-01","62.12",66.3,134.8,108577,7.4
"1991-04-01","62.25",66.4,135.1,108365,8
"1991-05-01","62.8714",66.2,135.6,108249,7.7
"1991-06-01","63.4441",66.2,136,108337,8.2
"1991-07-01","63.5106",66.1,136.2,108297,7.6
"1991-08-01","63.5623",66,136.6,108314,7.9
"1991-09-01","64.1234",66.2,137,108334,8.1
"1991-10-01","64.0179",66.1,137.2,108359,8.6
"1991-11-01","63.9427",66.1,137.8,108303,8.4
"1991-12-01","63.6923",66,138.2,108325,9.1
"1992-01-01","63.3372",66.3,138.3,108374,8.8
"1992-02-01","63.7864",66.2,138.6,108317,9.2
"1992-03-01","64.3199",66.4,139.1,108369,9.2
"1992-04-01","64.8069",66.5,139.4,108526,9.4
"1992-05-01","65.0202",66.6,139.7,108653,9.4
"1992-06-01","65.0309",66.7,140.1,108718,9.5
"1992-07-01","65.6155",66.7,140.5,108792,9.1
"1992-08-01","65.2948",66.6,140.8,108927,9.2
"1992-09-01","65.4461",66.5,141.1,108959,8.2
"1992-10-01","65.9387",66.2,141.7,109145,7.4
"1992-11-01","66.2219",66.3,142.1,109277,7.3
"1992-12-01","66.2778",66.3,142.3,109494,9.9
"1993-01-01","66.565",66.2,142.8,109804,8.3
"1993-02-01","66.8562",66.2,143.1,110051,8.4
"1993-03-01","66.7661",66.2,143.3,109997,8.3
"1993-04-01","66.9976",66.1,143.8,110304,8.2
"1993-05-01","66.7645",66.4,144.2,110573,7.7
"1993-06-01","66.8782",66.5,144.3,110749,7.2
"1993-07-01","67.0843",66.4,144.5,111055,7
"1993-08-01","67.0144",66.4,144.8,111210,7.1
"1993-09-01","67.3337",66.2,145,111455,6.3
"1993-10-01","67.8513",66.3,145.6,111741,5.6
"1993-11-01","68.1384",66.3,146,111991,5.6
"1993-12-01","68.5029",66.4,146.3,112314,8.4
"1994-01-01","68.7602",66.6,146.3,112590,6.4
"1994-02-01","68.7808",66.6,146.7,112788,5.9
"1994-03-01","69.4762",66.5,147.1,113249,6.2
"1994-04-01","69.8715",66.5,147.2,113596,5.8
"1994-05-01","70.2259",66.6,147.5,113929,7.1
"1994-06-01","70.6759",66.4,147.9,114248,6.3
"1994-07-01","70.7851",66.4,148.4,114618,6.4
"1994-08-01","71.2069",66.6,149,114900,5.9
"1994-09-01","71.4768",66.6,149.3,115260,6.2
"1994-10-01","72.0827",66.7,149.4,115469,6.5
"1994-11-01","72.5328",66.7,149.8,115876,6.4
"1994-12-01","73.2862",66.7,150.1,116168,6.5
"1995-01-01","73.4173",66.8,150.5,116495,6.9
"1995-02-01","73.3112",66.8,150.9,116693,7.3
"1995-03-01","73.4086",66.7,151.2,116912,7
"1995-04-01","73.3603",66.9,151.8,117074,6.3
"1995-05-01","73.6079",66.5,152.1,117057,6.5
"1995-06-01","73.8595",66.5,152.4,117297,6.1
"1995-07-01","73.5675",66.6,152.6,117389,6.4
"1995-08-01","74.4969",66.6,152.9,117641,6.1
"1995-09-01","74.7941",66.6,153.1,117893,6.1
"1995-10-01","74.7015",66.6,153.5,118045,6.5
"1995-11-01","74.8864",66.5,153.7,118191,6
"1995-12-01","75.1739",66.4,153.9,118323,5.5
"1996-01-01","74.6833",66.4,154.7,118310,6.1
"1996-02-01","75.8433",66.6,155,118735,6.1
"1996-03-01","75.7631",66.6,155.5,119000,6
"1996-04-01","76.4596",66.7,156.1,119165,5
"1996-05-01","77.0169",66.7,156.4,119491,6.1
"1996-06-01","77.6676",66.7,156.7,119772,6.5
"1996-07-01","77.5653",66.9,157,120023,6.1
"1996-08-01","78.0121",66.7,157.2,120208,5.9
"1996-09-01","78.5488",66.9,157.7,120421,6
"1996-10-01","78.506",67,158.2,120682,5.8
"1996-11-01","79.1955",67,158.7,120977,5.8
"1996-12-01","79.7144",67,159.1,121148,5.7
"1997-01-01","79.8239",67,159.4,121379,5.6
"1997-02-01","80.7816",66.9,159.7,121687,5.7
"1997-03-01","81.3388",67.1,159.8,121999,5.8
"1997-04-01","81.3611",67.1,159.9,122291,5.9
"1997-05-01","81.8326",67.1,159.9,122554,6.2
"1997-06-01","82.2309",67.1,160.2,122818,6
"1997-07-01","82.85",67.2,160.4,123121,5.5
"1997-08-01","83.7172",67.2,160.8,123099,5.4
"1997-09-01","84.4629",67.1,161.2,123598,5.6
"1997-10-01","85.1968",67.1,161.5,123942,5.6
"1997-11-01","85.9458",67.2,161.7,124241,5.8
"1997-12-01","86.2054",67.2,161.8,124559,5.8
"1998-01-01","86.6558",67.1,162,124831,6.7
"1998-02-01","86.7556",67.1,162,125029,6.8
"1998-03-01","86.8196",67.1,162,125174,6.9
"1998-04-01","87.1345",67,162.2,125454,6.6
"1998-05-01","87.6936",67,162.6,125856,6.3
"1998-06-01","87.1421",67,162.8,126079,6.2
"1998-07-01","86.8414",67,163.2,126209,6.3
"1998-08-01","88.6266",67,163.4,126549,6.2
"1998-09-01","88.4562",67.2,163.5,126767,5.8
"1998-10-01","89.1686",67.2,163.9,126968,5.6
"1998-11-01","89.1127",67.1,164.1,127241,5.7
"1998-12-01","89.4388",67.2,164.4,127608,5.2
"1999-01-01","89.8617",67.2,164.7,127725,5.7
"1999-02-01","90.3253",67.2,164.7,128135,5.6
"1999-03-01","90.4709",67,164.8,128242,5.3
"1999-04-01","90.7285",67.1,165.9,128614,4.5
"1999-05-01","91.3499",67.1,166,128825,4.3
"1999-06-01","91.199",67.1,166,129089,4.2
"1999-07-01","91.7767",67.1,166.7,129417,4.1
"1999-08-01","92.1675",67,167.1,129571,4
"1999-09-01","91.7812",67,167.8,129796,3.5
"1999-10-01","92.9976",67,168.1,130190,3.9
"1999-11-01","93.444",67.1,168.4,130479,4.1
"1999-12-01","94.1555",67.1,168.8,130789,3.7
"2000-01-01","94.1717",67.3,169.3,131007,4.7
"2000-02-01","94.4329",67.3,170,131138,4.2
"2000-03-01","94.7926",67.3,171,131605,3.9
"2000-04-01","95.4898",67.3,170.9,131898,4.4
"2000-05-01","95.6421",67.1,171.2,132117,4.3
"2000-06-01","95.7364",67.1,172.2,132081,4.2
"2000-07-01","95.5982",66.9,172.7,132254,4.6
"2000-08-01","95.3172",66.9,172.7,132239,4.6
"2000-09-01","95.6844",66.9,173.6,132383,3.8
"2000-10-01","95.3974",66.8,173.9,132368,4
"2000-11-01","95.4158",66.9,174.2,132590,3.8
"2000-12-01","95.1619",67,174.6,132727,3.5
"2001-01-01","94.5502",67.2,175.6,132702,4
"2001-02-01","93.9755",67.1,176,132776,4.1
"2001-03-01","93.7253",67.2,176.1,132748,4.5
"2001-04-01","93.4567",66.9,176.4,132469,4.3
"2001-05-01","92.8842",66.7,177.3,132428,3.7
"2001-06-01","92.3317",66.7,177.7,132307,3.7
"2001-07-01","91.8098",66.8,177.4,132199,5
"2001-08-01","91.6849",66.5,177.4,132053,6.1
"2001-09-01","91.3345",66.8,178.1,131803,6.3
"2001-10-01","90.9389",66.7,177.6,131475,2.7
"2001-11-01","90.4853",66.7,177.5,131178,3.4
"2001-12-01","90.515",66.7,177.4,131001,3.8
"2002-01-01","91.0881",66.5,177.7,130852,5.6
"2002-02-01","91.0698",66.8,178,130724,5.3
"2002-03-01","91.8012",66.6,178.5,130707,5.3
"2002-04-01","92.1815",66.7,179.3,130624,5.1
"2002-05-01","92.5668",66.7,179.5,130641,5.6
"2002-06-01","93.4503",66.6,179.6,130692,5.4
"2002-07-01","93.2282",66.5,180,130615,4.6
"2002-08-01","93.227",66.6,180.5,130608,4.4
"2002-09-01","93.3597",66.7,180.8,130541,4.9
"2002-10-01","93.0804",66.6,181.2,130654,4.7
"2002-11-01","93.5589",66.4,181.5,130660,4.7
"2002-12-01","93.1088",66.3,181.8,130490,4.5
"2003-01-01","93.6494",66.4,182.6,130597,4.5
"2003-02-01","93.9475",66.4,183.6,130451,4.8
"2003-03-01","93.735",66.3,183.9,130243,4.6
"2003-04-01","93.0815",66.4,183.2,130194,4.6
"2003-05-01","93.1002",66.4,182.9,130205,5.1
"2003-06-01","93.2544",66.5,183.1,130198,4.9
"2003-07-01","93.6579",66.2,183.7,130217,5.5
"2003-08-01","93.5162",66.1,184.5,130171,5.3
"2003-09-01","94.0695",66.1,185.1,130281,4.5
"2003-10-01","94.2091",66.1,184.9,130486,4.6
"2003-11-01","94.937",66.1,185,130489,4.7
"2003-12-01","94.8627",65.9,185.5,130610,4.8
"2004-01-01","95.1113",66.1,186.3,130777,4.5
"2004-02-01","95.6793",66,186.7,130835,4.5
"2004-03-01","95.2063",66,187.1,131163,4.5
"2004-04-01","95.6346",65.9,187.4,131417,4.7
"2004-05-01","96.3952",66,188.2,131714,4.7
"2004-06-01","95.6045",66.1,188.9,131796,5
"2004-07-01","96.3379",66.1,189.1,131841,4.6
"2004-08-01","96.4107",66,189.2,131957,4.6
"2004-09-01","96.4943",65.8,189.8,132114,3.9
"2004-10-01","97.4107",65.9,190.8,132462,3.8
"2004-11-01","97.6207",66,191.7,132525,3.5
"2004-12-01","98.3284",65.9,191.7,132651,6.3
"2005-01-01","98.7904",65.8,191.6,132798,3.2
"2005-02-01","99.455",65.9,192.4,133042,2.9
"2005-03-01","99.3156",65.9,193.1,133180,2.9
"2005-04-01","99.4648",66.1,193.7,133538,2.2
"2005-05-01","99.597",66.1,193.6,133710,3
"2005-06-01","99.9838",66.1,193.7,133957,2.3
"2005-07-01","99.6737",66.1,194.9,134328,1.9
"2005-08-01","99.9451",66.2,196.1,134524,2.4
"2005-09-01","98.0824",66.1,198.8,134590,2.3
"2005-10-01","99.3185",66.1,199.1,134676,2.6
"2005-11-01","100.3282",66,198.1,135013,2.7
"2005-12-01","100.9458",66,198.1,135168,2.8
"2006-01-01","101.0637",66,199.3,135450,3.8
"2006-02-01","101.0761",66.1,199.4,135762,3.8
"2006-03-01","101.2742",66.2,199.7,136059,3.8
"2006-04-01","101.6854",66.1,200.7,136227,3.4
"2006-05-01","101.5801",66.1,201.3,136258,3.2
"2006-06-01","101.9746",66.2,201.8,136337,3.4
"2006-07-01","101.9374",66.1,202.9,136543,2.9
"2006-08-01","102.3309",66.2,203.8,136722,3
"2006-09-01","102.1204",66.1,202.8,136870,3
"2006-10-01","102.0653",66.2,201.9,136882,3.1
"2006-11-01","101.9538",66.3,202,137090,3.2
"2006-12-01","103.026",66.4,203.1,137263,3
"2007-01-01","102.4915",66.4,203.437,137497,3
"2007-02-01","103.5443",66.3,204.226,137582,3.3
"2007-03-01","103.7537",66.2,205.288,137796,3.6
"2007-04-01","104.5018",65.9,205.904,137855,3.2
"2007-05-01","104.5419",66,206.755,138008,3
"2007-06-01","104.5669",66,207.234,138085,2.8
"2007-07-01","104.5217",66,207.603,138055,2.8
"2007-08-01","104.7387",65.8,207.667,138027,2.6
"2007-09-01","105.1499",66,208.547,138123,2.8
"2007-10-01","104.7167",65.8,209.19,138201,2.8
"2007-11-01","105.3037",66,210.834,138307,2.5
"2007-12-01","105.353",66,211.445,138411,3
"2008-01-01","105.073",66.2,212.174,138419,3.3
"2008-02-01","104.7137",66,212.687,138338,3.8
"2008-03-01","104.4635",66.1,213.448,138283,3.9
"2008-04-01","103.6727",65.9,213.942,138054,3.5
"2008-05-01","103.085",66.1,215.208,137870,7.9
"2008-06-01","102.8361",66.1,217.463,137716,5.5
"2008-07-01","102.2939",66.1,219.016,137503,4.4
"2008-08-01","100.7209",66.1,218.69,137226,3.7
"2008-09-01","96.3567",66,218.877,136783,4.4
"2008-10-01","97.2844",66,216.995,136308,5.4
"2008-11-01","96.0552",65.9,213.153,135549,6.2
"2008-12-01","93.252",65.8,211.398,134842,6.4
"2009-01-01","91.0332",65.7,211.933,134055,6.4
"2009-02-01","90.4375",65.8,212.705,133351,5.9
"2009-03-01","89.0085",65.6,212.495,132549,6.1
"2009-04-01","88.2959",65.7,212.709,131845,6.7
"2009-05-01","87.4078",65.7,213.022,131491,8.1
"2009-06-01","87.0694",65.7,214.79,131022,6.6
"2009-07-01","88.0285",65.5,214.726,130680,6
"2009-08-01","89.0244",65.4,215.445,130484,4.9
"2009-09-01","89.6975",65.1,215.861,130255,5.9
"2009-10-01","89.9906",65,216.509,130046,5.4
"2009-11-01","90.3515",65,217.234,130058,5.7
"2009-12-01","90.6212",64.6,217.347,129781,5.7
"2010-01-01","91.6849",64.8,217.488,129799,5.6
"2010-02-01","92.0073",64.9,217.281,129726,5.2
"2010-03-01","92.6104",64.9,217.353,129919,5
"2010-04-01","92.96",65.2,217.403,130140,5.6
"2010-05-01","94.2988",64.9,217.29,130662,6
"2010-06-01","94.4319",64.6,217.199,130522,5.9
"2010-07-01","94.836",64.6,217.605,130444,5.9
"2010-08-01","95.1423",64.7,217.923,130428,5.8
"2010-09-01","95.35",64.6,218.275,130365,5.6
"2010-10-01","95.0991",64.4,219.035,130632,5.4
"2010-11-01","95.1376",64.6,219.59,130761,5.3
"2010-12-01","96.0339",64.3,220.472,130834,5.9
"2011-01-01","95.9363",64.2,221.187,130878,6.3
"2011-02-01","95.5147",64.1,221.898,131060,6.4
"2011-03-01","96.4651",64.2,223.046,131314,6.1
"2011-04-01","96.1325",64.2,224.093,131637,5.8
"2011-05-01","96.3347",64.1,224.806,131718,5.9
"2011-06-01","96.5889",64,224.806,131952,6.1
"2011-07-01","97.1011",64,225.395,132024,6.2
"2011-08-01","97.6642",64.1,226.106,132136,6.2
"2011-09-01","97.6132",64.2,226.597,132369,5.7
"2011-10-01","98.2931",64.1,226.75,132578,5.5
"2011-11-01","98.2325",64.1,227.169,132723,5.6
"2011-12-01","98.7699",64,227.223,132924,6.4
"2012-01-01","99.3672",63.7,227.842,133272,6.6
"2012-02-01","99.6443",63.8,228.329,133505,6.7
"2012-03-01","99.1594",63.8,228.807,133769,7
"2012-04-01","99.9173",63.7,229.187,133841,7.2
"2012-05-01","100.0956",63.7,228.713,133958,7.3
"2012-06-01","100.0478",63.8,228.524,134026,7.6
"2012-07-01","100.3144",63.7,228.59,134182,7.1
"2012-08-01","99.9036",63.5,229.918,134355,7.1
"2012-09-01","99.8944",63.6,231.015,134549,7.2
"2012-10-01","100.1192",63.8,231.638,134702,7.8
"2012-11-01","100.61",63.6,231.249,134832,8.8
"2012-12-01","100.9267",63.7,231.221,135075,11
"2013-01-01","100.8779",63.7,231.679,135282,4.9
"2013-02-01","101.4265",63.4,232.937,135547,4.7
"2013-03-01","101.8186",63.3,232.282,135703,4.8
"2013-04-01","101.695",63.4,231.797,135882,4.9
"2013-05-01","101.7517",63.4,231.893,136122,5.3
"2013-06-01","101.9486",63.4,232.445,136280,5.4
"2013-07-01","101.446",63.3,232.9,136391,5.2
"2013-08-01","102.1758",63.3,233.456,136651,5.4
"2013-09-01","102.6774",63.2,233.544,136852,5.3
"2013-10-01","102.5438",62.8,233.669,137062,4.8
"2013-11-01","102.8625",63,234.1,137283,4.6
"2013-12-01","103.1747",62.9,234.719,137376,4.7
"2014-01-01","102.7053",62.9,235.347,137550,5.1
"2014-02-01","103.6016",62.9,235.522,137732,5.4
"2014-03-01","104.5893",63.1,235.956,137993,5.4
"2014-04-01","104.7423",62.8,236.463,138304,5.5
"2014-05-01","105.0571",62.8,236.867,138556,5.7
"2014-06-01","105.4084",62.8,237.188,138862,5.9
"2014-07-01","105.5609",62.9,237.485,139058,5.8
"2014-08-01","105.4797",62.9,237.439,139284,5.6
"2014-09-01","105.7908",62.8,237.452,139568,5.8
"2014-10-01","105.8154",62.9,237.447,139823,5.8
"2014-11-01","106.663",62.9,237.042,140130,5.8
"2014-12-01","106.5032",62.8,236.27,140381,6.1
"2015-01-01","105.8772",62.9,234.836,140592,6.1
"2015-02-01","105.4193",62.7,235.274,140859,6.3
"2015-03-01","105.0856",62.7,235.956,140937,5.8
"2015-04-01","104.5604",62.8,236.165,141219,6.2
"2015-05-01","104.0675",62.9,236.952,141545,6.2
"2015-06-01","103.6891",62.7,237.618,141736,6.3
"2015-07-01","104.2443",62.6,237.993,141992,6
"2015-08-01","104.1318",62.6,237.989,142156,6
"2015-09-01","103.7281",62.3,237.467,142244,6
"2015-10-01","103.3569",62.5,237.764,142595,6.3
"2015-11-01","102.7323",62.5,238.072,142859,6.1
"2015-12-01","102.2696",62.7,237.827,143093,5.8
"2016-01-01","103.0314",62.8,237.99,143196,5.9
"2016-02-01","102.3429",62.9,237.532,143453,5.5
"2016-03-01","101.5415",63,238.022,143688,5.7
"2016-04-01","101.7479",62.8,238.843,143862,5.5
"2016-05-01","101.6011",62.6,239.439,143896,5.4
"2016-06-01","101.9476",62.7,240.074,144181,5.1
"2016-07-01","102.1435",62.8,240.058,144506,5.1
"2016-08-01","102.0654",62.8,240.569,144681,4.9
"2016-09-01","101.9304",62.9,241.017,144945,4.5
"2016-10-01","102.0557",62.8,241.667,145085,4.1
"2016-11-01","101.8293",62.7,242.081,145257,3.7
"2016-12-01","102.7877",62.7,242.784,145437,3.2
"2017-01-01","102.5393",62.9,244.028,145696,3.7
"2017-02-01","102.1574",62.9,244.102,145896,4.1
"2017-03-01","102.7236",63,243.717,145969,3.9
"2017-04-01","103.7148",62.9,244.087,146144,3.7
"2017-05-01","103.7121",62.7,243.911,146299,3.8
"2017-06-01","103.771",62.8,244.032,146538,3.6
"2017-07-01","103.6206",62.9,244.236,146728,3.5
"2017-08-01","103.1956",62.9,245.262,146949,3.5
"2017-09-01","103.176",63,246.392,146963,3
"2017-10-01","104.7647",62.7,246.583,147234,3
"2017-11-01","105.2943",62.7,247.411,147450,2.5
"2017-12-01","105.7698",62.7,247.91,147625,2.4
"2018-01-01","105.4324",62.7,249.245,147801,3.1
"2018-02-01","105.8741",63,249.619,148125,3.5
"2018-03-01","106.4287",62.9,249.462,148280,3.2
"2018-04-01","107.3997",62.8,250.013,148455,3
"2018-05-01","107.3006",62.7,250.535,148699,3.2
"2018-06-01","NA",62.9,250.857,148912,NA
